Features	Importance
Degree	0.36576435366725263
neigh_FC	0.14941644262037304
Betweeness_centrality	0.14708077733489952
logCPM	0.13031735401505068
Closeness_centrality	0.11821978477790841
logFC	0.07629999609692577
neigh_normFC	0.012557678664947516
FC_Closeness_centrality	0.00026960950269404874
FC_Betweeness_centrality	7.400331994843883e-05
FC_Degree	0.0
