Features	Importance
Closeness_centrality	0.43416635499164685
logFC	0.3201411287782892
logCPM	0.1498130415189283
Degree	0.033555286682957014
neigh_normFC	0.030997083343149087
Betweeness_centrality	0.020767781894399106
neigh_FC	0.010450526808573068
FC_Degree	8.574122701421854e-05
FC_Betweeness_centrality	2.3054755043227657e-05
FC_Closeness_centrality	0.0
