Features	Importance
Closeness_centrality	0.25394758799943856
logFC	0.2439555232834296
Betweeness_centrality	0.17541833165932644
logCPM	0.15771284081769768
Degree	0.13650716761276951
neigh_normFC	0.016356852392511948
neigh_FC	0.01491613779271825
FC_Degree	0.0005018600341431469
FC_Closeness_centrality	0.0004044737195939649
FC_Betweeness_centrality	0.0002792246883710562
