Features	Importance
Closeness_centrality	0.30221733207739787
logCPM	0.21723137989877667
logFC	0.1405829314078943
Degree	0.12185865854642138
Betweeness_centrality	0.10117197699934272
neigh_normFC	0.06454604188628858
neigh_FC	0.04742010515710226
FC_Closeness_centrality	0.0022134655734328034
FC_Degree	0.0017264720428794283
FC_Betweeness_centrality	0.0010316364104641837
