Features	Importance
Degree	0.23654500696331673
logCPM	0.2204040275579529
logFC	0.1891741180806489
Closeness_centrality	0.16982674373671547
Betweeness_centrality	0.07667215227035593
neigh_normFC	0.06318178704416756
neigh_FC	0.03396338890265663
FC_Closeness_centrality	0.006477076957474175
FC_Degree	0.0024971870016336863
FC_Betweeness_centrality	0.0012585114850777093
