Features	Importance
Degree	0.399962185857588
Closeness_centrality	0.187491618512423
logCPM	0.16290088347221124
neigh_normFC	0.10825358796179005
logFC	0.10103517287201098
neigh_FC	0.025415603445168935
Betweeness_centrality	0.013248108528845726
FC_Betweeness_centrality	0.0011404154009897226
FC_Degree	0.00031027171539757325
FC_Closeness_centrality	0.00024215223357469952
