Features	Importance
Closeness_centrality	0.4614586739478615
logFC	0.174717345074133
logCPM	0.17210671532839616
Betweeness_centrality	0.07277112463219634
Degree	0.05641159801740828
neigh_normFC	0.05339264715052314
neigh_FC	0.008563093144082845
FC_Closeness_centrality	0.0001944870360824635
FC_Degree	0.0001923228049464751
FC_Betweeness_centrality	0.00019199286436965925
