Features	Importance
Closeness_centrality	0.4402507765002021
logCPM	0.36865148903647127
Betweeness_centrality	0.08072386306985685
Degree	0.06929671396367733
logFC	0.024792700480467583
neigh_normFC	0.009229779399186658
neigh_FC	0.006117187226313057
FC_Degree	0.000367929789362812
FC_Closeness_centrality	0.0003086974324885981
FC_Betweeness_centrality	0.00026086310197404944
