Features	Importance
Degree	0.24111730411930507
Closeness_centrality	0.18638290979951622
logCPM	0.1580563364080991
logFC	0.12942381044458628
neigh_FC	0.10423819239835017
Betweeness_centrality	0.09198385340458216
neigh_normFC	0.0856593599463118
FC_Degree	0.001349062253201421
FC_Closeness_centrality	0.0011224081345781252
FC_Betweeness_centrality	0.0006667630914703273
