Features	Importance
Degree	0.3412663069481723
Closeness_centrality	0.21573750211929987
neigh_FC	0.17332328282387438
neigh_normFC	0.13883074015885985
logCPM	0.0705807054587829
logFC	0.04099247224471235
Betweeness_centrality	0.018807681394231834
FC_Closeness_centrality	0.00023586159975689117
FC_Degree	0.0001702787426081552
FC_Betweeness_centrality	5.5168509701482224e-05
