Features	Importance
Closeness_centrality	0.44248556042414483
logCPM	0.3845082784221609
Betweeness_centrality	0.0827139981823997
Degree	0.05863974132019128
logFC	0.020980891010721803
neigh_FC	0.005723105678591261
neigh_normFC	0.004730862295049358
FC_Closeness_centrality	0.00010923223837231993
FC_Degree	8.569716428714983e-05
FC_Betweeness_centrality	2.263326408130361e-05
