Features	Importance
Closeness_centrality	0.5055261554495825
logFC	0.3264621470515364
logCPM	0.11875764591738641
neigh_normFC	0.028412935538544883
Degree	0.012530152191046964
Betweeness_centrality	0.00544378459716651
neigh_FC	0.002677863678138129
FC_Closeness_centrality	8.79889636482248e-05
FC_Degree	5.477145808909387e-05
FC_Betweeness_centrality	4.655515486078344e-05
